TS,TJ
278890906,166259480
771271398,680172770
380543304,264506865
86960528,85723752
582316155,498109307
676376073,605832181
507710682,431187370
57818678,57186798
369421207,318736850
77746779,76550713
234660071,233628466
245433083,241793489
236961973,236598374
266297383,257698486
274932063,274177284
269978664,269286927
218233735,217439964
251755223,243565656
149634425,148258589
217535248,199695668
226284961,225147551
183472644,183062824
212336772,211982430
256995696,256076821
216465240,216122448
246974377,246589072
202713077,201872286
299810701,298221226
159623811,158636174
283371637,281275844
225399335,224815651
277964361,277197903
273643627,273343740
246117722,245841314
248023589,247501989
266280297,266005512
303157815,302438575
278586014,277463374
232894391,231332352
246880219,245568119
30731841,30232608
247020514,246617502
253478095,252704463
282781020,282281637
282510615,282067197
279549910,279130552
241214712,240774986
275983483,275139921
262625349,261911966
181959797,180976009
308522667,299841090
222490864,222070484
237909720,237633061
252741260,252453799
241007265,240721636
220232398,219970923
251382110,251116413
234918396,233542718
259330641,259061683
247557274,246816944
252638826,251997974
258550331,257771562
253268908,252752007
260888158,260292974
278946001,278206552
261521591,261008978
296852164,295839641
296921674,296148101
272761113,271072226
322202979,316572171
315553732,314143983
217184575,214870990
235896548,235524618
207726317,207147693
224715362,224220441
243896436,243670795
256743253,256482689
242486939,241942195
231957059,231489559
225373645,224958171
260691052,256624322
130252053,129562486
247603607,247002797
241686260,241315468
234866733,234550067
271292661,270990696
252965716,252739418
285362655,284802947
262409438,261868837
282583046,281799669
277884314,276491956
27136401,26357600
162447505,161826409
197649050,196856547
228064357,227776189
225103428,224749469
224832728,224297745
231762305,231545740
216213619,215625422
234849330,234468396
233317013,232959849
164887004,164443770
254234880,253699489
262734786,262501555
256890640,256647433
273754295,273537475
269421335,269078785
282460717,282195060
268483243,268125396
277237387,276770901
274164359,273572259
279335917,277475081
226508719,225773680
253999057,253587790
241408609,241156342
248331336,247888163
244241608,243915700
253660303,253242404
261241019,260867007
276481890,269852278
288960576,280577263
292611131,290752274
262089675,261448900
278866030,278654160
285705181,285435305
280419695,280193091
280753567,280385417
284936238,284722828
281813709,281172325
296144575,295780003
295020414,292716618
311505397,310022499
233649240,233185998
223825829,223284439
229763486,229530144
235578033,235151132
229976560,229599471
254627826,254358908
240983981,240625201
248669642,248281589
241002176,240656780
246105171,245550687
191074783,190563236
228850277,228517763
237296827,236602810
245031600,244443258
232708747,232414023
258350013,257836051
273525572,273037641
269440343,268760057
269227038,267873842
283400569,281985033
184937434,184366214
210531023,209980694
217104522,216491706
231054003,230637477
241062183,240606397
247239034,246900961
246970361,246635515
247911985,247505007
249579404,248166475
251732491,251335722
233892468,233186276
244123011,243813561
240310888,239822303
246936787,246397309
255299708,255078982
252540105,252155642
269145062,268500074
282811599,282308951
279741039,279448917
283910543,283176976
224104382,223456816
220642810,220345332
237284479,236829726
243320903,242853583
254096238,253797801
247503216,247237511
251728140,251226290
246390083,245950103
255520518,255051121
277445483,277114051
228280572,227926835
211611670,211374958
230046997,229734079
239493749,239104045
250620084,250122965
252534045,252330578
250656832,250277855
250037338,249535933
248465981,248194191
249639716,249346688
224453898,223904247
251035752,250721807
233354063,232990103
240025501,239814089
260276792,259662053
250248629,250055239
254574338,254181267
257646007,257302464
268114979,267813203
270657611,269896493
224958345,224282863
225942741,225668390
230619887,230296438
234458161,234259009
242224958,242027199
239602411,239422502
233428829,233236123
234493397,234098147
237187517,236973863
247604698,247248501
208481008,208155585
221496561,221197270
226943947,226661291
248027957,247589439
244867101,244407412
256170614,255774555
246211759,246030128
253408728,253226514
245295971,244948250
257231442,256962110
221247901,220894035
232912081,232621289
246997762,246414415
241592327,241351283
258073376,257595956
261204300,260914663
260201756,259858572
271777628,271426050
268266639,267879192
268289312,267436531
239744735,239377930
226774415,226385645
233986535,233705184
235296586,235016046
240037389,239735900
239804936,239582566
244573443,244388456
246572101,246391914
249141549,248742435
246873478,246575505
245743825,245110586
260759353,260377306
259110937,258860623
269464479,269225607
265025572,264654107
255779686,255407681
271125909,270677219
272239609,271765846
272219782,271603225
277203098,276315938
236460777,235848341
237345340,237064194
249558667,249282371
254257560,254035212
261313476,261131751
265884495,265697138
265819257,265647985
273650886,273024924
274834020,274463406
302813692,302122825
223884742,223518112
235824395,235607861
247340653,247118971
244875617,244688919
247038050,246723094
255909630,255636907
252600758,252348324
261969158,261719237
268371171,267987018
261352219,261019598
220235330,219926864
216969570,214985056
222484868,222162620
227974743,227681170
234055010,233664120
237361443,237189573
240746172,240483639
241482746,241225376
254578739,254288535
251723221,251416553
233561645,232987522
252036397,251787211
240916911,240730920
249968717,249622078
245044121,244851940
252954232,252681513
253569988,253337759
256495783,256233162
253470892,250590806
275647358,275208049
240728701,240427183
258615749,258128491
275182969,274697934
290580595,290209391
284764634,284598081
279199041,278885950
287603373,287365639
290039167,289780498
289429433,288874881
289195233,286098749
220759248,220486740
238835133,238538315
229644573,229297110
249512297,249280714
242824588,242559292
244322580,243998764
261127768,260858998
257665178,257253842
251060778,250712782
264516776,264235083
184317720,183903381
229599526,229146521
236409890,236101352
240287705,240120968
239630533,239391749
234474053,234227939
235990148,235747124
237320603,236968496
249234988,248860655
249040689,248599492
29794137,29151415
199885107,199369274
191929126,191657202
220947429,220564761
211124861,210811983
242426759,242134126
219331928,219159229
225431272,225074594
251673700,251443425
226738707,226534616
215918120,215449557
225810910,225464056
219055893,218787989
231077110,230905057
241695606,241398701
241522260,241187375
254489281,254185058
250768234,250598818
253110900,252904658
242807763,242412445
194404819,194080632
212555306,212127215
231852937,231449235
241479287,241178012
247507539,247110718
224119487,223790415
235938012,235710522
261917644,261527403
244752473,244522486
253067399,252440146
218301831,217993297
231321541,231070735
240998274,240744436
245473515,245229634
261377504,261145820
248628926,248317678
260891961,260593426
267791043,267439870
267272562,266863038
260306430,259590001
261388316,261005024
293044234,292525457
285896491,285440300
271877811,271718918
262964905,262492011
281484843,281159831
280031114,279491405
285202478,284841673
292084680,291653910
306867858,306617567
225910128,225146945
221360722,221169645
238977649,238691240
238415405,238146207
241941286,241716611
241589033,241324353
246370827,245944404
254580555,254153909
269377877,268667316
262504958,261873216
97763829,97338151
196925275,196483767
182694765,182345283
202152276,201994908
195640839,195497593
198154239,197793373
191481105,191330968
189245494,188624502
225972254,225543959
241040505,240324976
234056283,232839942
238446757,238210451
241206578,240981363
241945401,241718575
260058842,259800885
251702157,251489763
250283734,250041394
249763124,249533995
212579278,212208729
218832532,218680964
223065217,222929400
240246935,240078678
241477950,241314704
235085039,234937176
227825893,227683118
238413943,238241408
230247497,229885810
241346484,240868814
210851477,210578234
219406447,219165403
229470444,229327443
229148113,228938667
234536164,234301954
246640093,246421294
242335793,242054135
253970891,253818213
255403334,255168315
257243639,256792833
220054569,219633760
235337880,235078972
235606425,235448174
246549074,246370952
249714631,249446537
237607544,237275905
259597653,259249994
273027842,272853809
274053708,273820570
275306666,274771915
236613593,236068494
242588765,242315763
232876083,232736514
238983263,238791326
245722091,245513922
236016496,235820166
250017672,249795427
242705183,242462068
255953370,255752019
243965727,243433957
217370311,217098495
230017745,229685650
233231034,233001213
249235185,249065284
246460710,246216419
247680793,247472070
240407233,240243389
250773542,250585862
242023636,241749664
252785467,252511445
228776775,228472970
246436691,246274499
243827437,243622616
245178038,244952559
247448321,247175222
254893181,254472054
253343332,252997877
263268142,263023305
264656741,264460262
248987008,248801181
195958503,195624938
225085846,224840324
230084368,229945407
228644074,228505892
249449839,249300192
244532279,244299176
258090300,257860547
253663885,253196406
243994991,243771680
260579111,260384420
202355392,201974486
245197003,244771495
259502449,259289774
259346148,259113905
249393953,249229225
253322229,253139901
254483635,254273686
259061323,258896701
263895743,263581602
260624994,260438123
231871248,231376728
227816718,227598261
245946271,245597874
248334806,248041994
248824101,248643924
244728449,244556190
236796607,236580408
247821918,247621025
253351236,253005384
250421840,250225446
220576611,220254117
220811827,220511436
225973125,225646966
237071527,236784985
247354115,247127540
250937772,250645313
258742884,258438224
264858114,264718030
273627183,273346015
275454335,275161437
235515608,235072659
242766344,242425786
245395241,245248172
248386665,248267895
261832913,261568215
255626487,255390596
269932309,269708295
280534191,280271759
265966076,265544367
298337892,297680667
203389347,202918273
220852215,220476660
223123161,222926192
226516830,226310795
243865871,243494916
242911705,242788303
244251698,244127867
249370433,249110346
240098231,239881430
242472086,241987078
218720210,218516416
227364909,227125735
225613230,225478691
231861298,231674377
244399256,244195506
230324250,230189610
245831422,245584573
237382728,237226389
257069241,256534896
246176857,245668468
222143381,221834766
233893584,233718446
234514120,234314021
241773011,241489594
243123887,242954197
248070380,247818017
244494052,244259102
252644002,252506192
251998172,251846939
242058809,241895953
235813486,235556121
237930971,237799190
248016505,247898220
246732067,246466923
243553233,243336232
247881915,247709285
250025254,249826073
244005103,243639062
252800299,252547595
259997379,259801740
221564551,221159553
222063588,221780939
237606684,237298924
258548898,258374907
257482116,257331320
258610188,258396851
266849503,266666106
269027236,268845295
271922593,271618563
264852003,264280764
207967194,207757796
223982676,223786421
232519045,232254275
247411236,247087619
234549431,234423991
244849841,244682324
245804262,245589456
247908271,247718669
253659378,253530035
261790448,261307523
207626070,207421716
210633707,210496287
225147782,224919786
224121796,223943865
243175915,242609885
238498737,238293440
237593455,237363911
247217119,247022222
238860482,238653691
252722726,252385400
218879736,218505202
226043218,225809365
240019161,239765876
242805193,242628716
244958796,244777126
235963702,235741223
242381285,242035561
259519387,259163379
244443929,244139795
250250168,249846091
230319606,230018142
228726680,228522642
231846405,231679563
230301615,230045649
247382415,247147131
236560712,236403086
248447005,248280945
245803536,245695491
237971423,237794368
249496996,249355289
224404781,224191904
220679589,220406365
242927987,242723293
225153823,224968668
236867857,236751781
244215679,244034099
234428452,234240354
243460620,243298100
251162768,250960947
256935203,256780001
213431523,213023431
227596719,227378282
229381353,229260485
242484518,242207941
235216981,235013891
239804727,239682547
235653034,235536496
234411131,234235164
231768175,231345238
243200052,242679927
256556631,256299569
262681657,262353086
266598778,266372687
266813294,266626828
273676228,273514355
273288315,273061201
279133192,278956099
292438644,292163386
289733631,289320130
277815021,277335661
228359484,227938133
224424379,224277711
227288343,227180643
233340667,233063115
249811098,249499794
256614658,256460100
255584099,255365662
256563071,256403199
257225847,257071036
257156660,256884024
230955409,230544447
240225597,239958006
230015220,229910611
239785013,239613186
231073482,230974538
233563451,233470746
235480300,235234609
244628584,244534471
239336288,239116826
247868173,247589724
204940677,204698464
230900855,230754216
216554237,216438406
226441435,226243936
228857714,228689364
226010694,225910323
235867948,235404358
225005313,224777789
237316222,237080284
232726518,232530748
205023119,204797325
218192076,217929223
230658451,230520872
238157128,237925925
230898801,230802319
233291655,233107987
238318080,238218192
248251580,248022941
248337873,248180671
256848710,256700432
207014326,206805037
223390576,223159159
235763517,235614647
232487571,232311954
238674384,238515781
238508458,238413399
244240575,244072544
254027721,253765725
250519358,250136693
240336778,240122521
207524744,207225476
224841131,224633068
225289506,225108919
228570806,228270000
242059685,241832756
253728575,253484367
254538957,254360450
258680564,258458456
253689878,250111487
254224900,250531106
212654706,212480239
215560982,215464279
211765679,211663919
233083127,232978763
238247217,238136377
226427260,226165416
233367517,233267300
230966640,230685956
227041931,226755382
228490918,228190705
211081198,210675029
203980495,203787362
208721174,208612846
232309848,231808432
235465591,235236619
236899458,236763989
240326852,240216586
239553457,239358600
228281625,228148693
228506937,228370564
205007951,204818874
224089750,223764519
225816253,225613618
226633267,226530124
223052424,222898086
224691546,224512466
226082785,225865123
233018686,232794911
240612933,240351687
248496923,248061666
221263189,220895919
219728738,219520294
224115421,224001220
220014272,219829735
233983294,233776242
223535999,223370160
225628452,225467894
228563979,228283617
241019577,240877696
242543427,242396506
204538844,204363622
220328201,220132321
208669619,208573307
215480884,215387812
233725687,233481652
243148156,242938115
236415777,236204540
233873992,233783175
242258889,242079069
250685057,250511134
218849469,218481079
237886217,237757595
242913274,242705359
232100148,231941219
238337197,238011133
257327439,257133392
254311191,254064344
245274739,245076399
245419235,245209704
256603224,256332104
223917706,223617543
234745804,234468369
231876690,231723456
225467549,225271385
239380846,239252138
236318481,236218623
243038592,242866766
242563953,242260482
247430395,247214729
241139213,240729924
250669530,250389005
251483773,251211513
249410065,249251268
251617941,251497920
254704477,254567799
263893107,263583525
261293006,261128355
258018944,257802019
268222999,268004942
263806353,263396979
210472646,210233170
229834401,229692992
227366502,227191367
240718755,240442794
236243255,236112114
237587067,237500293
242883067,242793847
251135088,250971760
240256910,240053388
254650636,254486411
193082791,192849262
229870432,229622729
227292202,227138668
229433313,229300801
231692461,231508856
234238228,234146480
224512348,224380427
241602379,241446068
229535569,229247871
245598760,245260712
223872676,223363958
226511401,226187159
238368206,238200987
243307066,243170748
236766486,236560986
237622076,237536490
241730712,241546914
242342968,241930656
254316129,254075146
246405099,246319390
219291630,219072951
220776019,220685383
219242192,219058524
227200853,226981615
229169669,228990270
227577458,227435882
243986264,243875607
244314172,244193112
247672285,247353287
240914582,240618857
218009623,217723784
210641871,210469346
223523813,223376024
225664168,225568895
227831370,227677977
228207907,228055035
226050686,225961159
233445517,233137057
249857725,249688276
249808718,249620663
219726831,219459699
231381513,231147775
235558849,235399370
233909787,233772353
238590739,238280200
228088636,227945155
244959623,244796076
240660094,240509510
231083870,230918349
248016699,247739995
213664123,213367234
225535094,225412079
223096423,223003538
228009293,227770848
235761383,235576281
236097257,236008695
237261973,237095105
250134343,249745801
246274041,246068790
263770303,263612376
189138957,188881877
222669348,222434474
232266579,232077262
225997109,225827950
237276847,237010510
229197944,229111046
237453591,237308788
238803329,238609974
233333085,233154169
235590946,235289724
220594684,220295643
245157200,245001932
251465532,251276939
247097154,246952811
247043058,246895935
263227011,263070212
257884351,257729979
263539137,263322364
259113619,258991692
264512922,263474451
290033042,289740137
286335920,286196396
302303725,302212094
298853850,298725007
311458859,311345830
313102414,312895791
310893322,310755230
310938188,310760983
313197407,313067783
321748124,321656359
221655061,221476889
238055140,237918052
228032606,227936171
229254624,229034733
246778820,246559484
242892653,242732503
257268545,257007287
239703446,239602138
249009580,248775251
249959221,249861770
224545553,224304041
215916723,215728493
219424752,219328959
224379694,224258876
237202143,237070605
241471538,241374425
248785127,248549516
245912044,245598130
251632552,251406197
248105947,247764661
389157815,388825481
393291165,393116779
377245262,377154402
380647935,380559141
398046268,397898273
386496017,386292519
402693798,402540048
399513093,399350750
415419204,415268086
395244178,395111002
183571049,183306186
206346546,206099208
216740506,216580032
219843716,219705908
229651036,229448193
234963802,234731475
231241393,231083954
228431788,228331519
234078653,233825455
236154759,236022917
201158219,200677963
217197852,217050990
227479683,227352382
232209958,232039471
235692133,235529364
238761900,238613578
232258916,232167194
243209273,243039688
248562663,248292964
242381239,241956969
216288883,215876753
211880253,211716380
232932179,232820982
230661703,230568747
256390995,256140974
243215192,243046025
234919606,234763150
254563236,254362705
253151890,252987625
249945332,249748358
223002425,222716640
223589804,223450450
230178701,230093410
232864681,232706415
225640582,225496087
226884124,226737901
231978750,231834598
233015821,232930906
241911085,241742331
245354645,245176842
221802345,221583291
216532021,216335774
223371256,223280161
220672881,220518612
229030325,228811628
222486283,222345175
243553515,243444130
241164487,241073002
233155086,232837721
242770532,242630776
221242815,220989512
225899719,225707291
238895771,238588112
226641783,226485099
232673690,232529299
233816453,233596893
237233517,237058280
246700645,246523362
241679779,241495303
246108181,242799478
192261917,192012438
214141147,213835669
219147972,218902094
225889360,225800142
221656674,221534096
228668916,228544691
230484781,230399250
225224538,225072540
235297069,235040095
241078370,240710579
213162040,212946345
227627544,227446054
236304855,236196015
229983689,229700233
238571559,238478270
228773318,228685570
239226345,239136250
246090406,245884042
241504707,241384051
249692706,249491141
222568598,222346710
228108412,227907809
234375305,234179837
233001475,232903579
235827454,235676685
244445663,244356243
241119865,240716291
243859878,243652747
240255072,239862991
252414495,252239268
200892226,200556054
216989568,216798939
222494807,222323338
227018133,226834053
240147513,240034020
236402411,236314993
232059873,231835741
239287668,239100586
239522672,239330497
250783757,250633175
178800752,178617639
226262489,226002445
222244672,222027576
217136421,216952989
227373403,227222818
243049639,242887498
228449530,228361494
237960821,237797645
255973346,255788291
249961985,249609613
227852521,227309238
219001537,218838971
229701719,229573743
232367762,232206684
227977561,227844412
242089251,241952580
242847167,242761863
240237258,240148232
240354914,240219201
247957515,247636478
219146818,218861834
240704058,240556722
247531285,247444239
245929525,245827856
238165751,237964933
234817559,234678064
244277640,244185344
251761715,251604308
247556054,247327505
261358006,261190366
215139979,214912631
223237832,223011443
218301991,218098708
221560743,221465336
223074671,222983771
220693609,220517967
227476663,227261833
229351970,229247138
223885264,223785765
223225980,222801622
206993284,206768580
235207424,235030568
231273425,231174087
232022394,231780378
241849356,241700016
233514726,233332660
241077671,240874868
241884241,241611058
239078058,238752440
253035645,252931645
38057960,37579820
183125896,182876142
210577820,210340794
190131793,190009997
201033739,200866302
201836005,201703440
193906843,193737023
209244009,209072560
210368645,210231862
206917842,206543355
206306761,206079217
238795647,238637467
231231427,231107866
236999664,236816483
250118062,249943356
245719982,245561239
247376774,247290603
258083202,257923537
251456508,251282032
263453766,263321730
238997299,238713817
243702343,243524139
234299860,234211065
241481931,241349897
237436841,237348674
237739533,237596900
249528132,249383821
246122720,246017035
256531497,256319017
259668280,259370708
219163746,218961376
231722355,231545996
225872520,225772557
238037050,237873021
239872370,239705502
242867884,242727027
242926851,242778232
243090919,242892876
248144519,247872790
251427200,251322340
180292797,180037336
216293762,216143588
218946018,218761864
236616692,236458495
225148234,225060852
248937871,248802247
239428719,239311492
231275005,231140577
251769813,251601850
237476536,237327098
231544404,231177364
235899968,235769049
241235478,241135075
238989953,238784670
228741849,228588808
229931318,229839310
240692254,240533316
246029628,245851382
240080695,239742020
243190209,242814305
220065375,219833995
217345623,217218246
254120482,253872438
225981464,225785594
252242629,252113554
248590529,248458906
255047037,254958580
247699057,247570004
245569983,245251081
238218144,238050994
207389658,207166612
203736301,203477881
218506552,218416970
233356910,233268499
221267010,221056648
231218728,231045347
225150638,225006897
245329194,245186423
252193564,252045247
254406869,254144990
192619457,192375364
205144900,204896259
231912011,231683905
199423600,199279673
225112280,224964211
205088242,205003514
218512251,218421425
219790740,219646225
244848761,244687330
210940038,210812662
195762628,195523263
223245202,222970404
218712647,218589911
231003558,230903527
222139796,221873001
229040144,228890568
230020034,229907259
235414618,235282604
229897779,229765508
234115390,233721100
198761217,198526778
209401341,209131466
230284924,230070341
224933670,224839208
225200931,225072351
238780008,238567306
239415610,239275794
238345319,238219488
243961977,243842907
239311414,239081489
214767214,214443464
209960113,209696634
228367495,228170048
237219393,237118158
222383078,222213189
235663801,235524494
227737633,227653533
233092233,232956486
237277560,237152032
243331952,242961595
213700866,213399159
215156194,214929574
218730060,218535199
226333049,226236848
234441053,234303405
236402429,236200317
239009319,238910980
231631704,231502195
236366387,236196317
243706445,243466624
187784080,187418750
215159867,214980177
208951322,208779410
220804091,220716543
219491727,219396926
227654925,227567415
220778037,220613702
231212242,231082612
232726780,232590324
222936697,222855695
204694217,204380656
228329410,228194018
224965146,224790771
237875561,237728114
238995537,238907937
238944334,238685588
240468513,240353357
242225287,242092207
247212199,247071567
244118557,243934291
217470434,217313888
213409425,213265142
225046314,224837378
225896912,225700427
244923969,244766108
256457536,256231849
255572341,255227072
256236739,256008807
256532290,256236702
266995379,265700938
209198540,209048570
225901030,225725049
216156139,216016143
224619878,224534349
216452196,216369888
233296717,233125434
218132143,218048300
227291935,227138596
233512053,233263027
223732625,223514184
211841409,211618268
223074951,222955561
226081602,225919148
226957225,226852079
234578310,234447696
230482351,230306020
238609658,238453044
244941159,244703016
249761988,249581591
250427915,250288307
218540806,218246721
220011884,219929229
226133171,226015846
223753415,223605212
229995126,229901985
248067023,247971286
244453592,244271935
247489294,247315677
247234348,247156873
247738475,247594155
206612191,206359673
212665366,212571137
218193093,218101708
220757754,220629123
237432090,237267572
236470618,236270640
224174431,224046861
228839705,228754544
242096552,241969622
246173138,245710059
205492700,205248927
216725176,216479403
232189356,231981463
236022982,235922929
237375566,237214913
235490024,235334148
228906807,228774464
233193216,233107637
246668320,246455522
244599774,244516382
216121509,215820603
213085055,212974552
227287842,227194567
226290790,226142465
223250800,223166032
225311767,225175967
227460544,227282318
236673457,236381084
248797997,248684703
230742330,230362337
222931482,222730511
219264008,219104962
226094148,225966877
219614373,219479987
229241047,229117591
225456033,225330172
243211501,242898692
253318814,253215087
253267345,253141116
250737935,250583916
219703378,219346603
231952958,231868882
219974563,219867664
237819046,237573207
230926672,230811652
236903230,236826542
238303606,238143689
251064144,250947785
244624797,244382764
253608292,253461441
216019333,215716214
228718503,228563463
225471178,225310771
214947872,214861861
217220933,217102437
230504464,230417081
241011840,240866591
233613005,233442186
223905286,223776152
225802014,225621155
214753608,214518863
220572021,220415346
206286575,206199744
236065602,235937315
238860257,238696433
214313801,214158944
214241928,214097599
216400236,216268440
218309949,218137267
219538698,219348470
216939737,216651894
221738661,221591983
233571607,233367097
235858181,235680789
238450374,238276051
234987402,234848287
243188497,243066522
245972851,245831815
249101008,248956026
249646352,249462224
214493140,214212945
213268716,213134968
225005382,224846802
221250456,221097018
228924186,228800345
228582700,228486315
234132165,233990116
245278023,245180979
245813522,245733117
242044051,241792075
224527993,224209528
225799965,225675893
232985058,232810501
241049910,240963847
242961808,242723574
237535817,237420454
249943804,249862563
244816089,244694165
254475319,254333460
255247463,254988235
210239121,209998046
218017482,217837156
219362419,219208606
218426455,218310159
233818724,233596676
237466398,237343958
223792085,223668272
233675497,233503644
245738227,245595372
235931603,235721507
211547553,211240502
219798000,219646634
223200878,222882240
222329774,222236437
232954017,232814424
225024089,224932725
225491324,225389655
226032803,225889527
232812150,232630870
234775340,234598335
202089851,201839390
217597278,217382127
225368007,225155694
226922691,226837516
234256933,234070361
243274263,243122702
243788969,243654012
246234920,246077473
252756207,252419128
252295074,252208413
218583235,218426854
220118051,219872617
222725927,222542334
225005778,224853509
236090421,235942231
236607714,236479269
246557566,246455879
230149803,230003779
244891071,244738738
248216524,244948326
216990823,216717145
228911150,228770249
218823765,218707550
222351150,222200414
227688907,227540460
231113559,231009384
235067942,234951689
231630112,231485729
248318521,248190306
236724911,235831463
219808242,219594075
226155449,225989466
235375097,235212809
237526121,237276656
236052601,235925348
243099074,242935281
254169253,254065186
244501090,244308400
252560246,252253124
249224597,248890671
222762149,222457555
222003295,221823463
215716850,215552969
218103346,218017784
229322623,229225250
230638857,230494750
228395203,228311594
230033179,229945876
241240267,240908005
239111003,238716291
167458210,167285739
221915399,221756257
226643424,226416742
225002023,224870560
233817671,233727825
236155191,235992725
238189391,238043257
230501401,230193646
232044011,231952981
233127394,233044391
176094658,175902450
214631291,214399649
212930341,212771957
212794783,212625315
229558791,229375378
231834717,231751661
232408683,232327191
237932716,237721439
230429674,230213515
236541104,236224943
221076987,220836318
236287261,236004833
239492668,239366607
234853445,234707515
245462665,245275143
239037917,238958500
250152360,249840313
254389307,254050269
258979176,258715519
258872522,258699169
192115992,191957945
227562769,227418685
230252061,230095331
229719517,229563783
239532117,239377578
238313050,238150092
224597000,224482161
239428200,239338179
241408260,241061551
251322480,251076973
219527105,219357719
226796300,226513914
234830032,234654913
237920084,237762643
230069735,229901466
232531247,232379865
228296061,228151140
234040017,233891461
239094593,239007460
240303065,240106566
221405737,221050973
219058412,218847167
223229269,223099543
226832433,226693338
225348810,225246247
236429833,236264581
225024538,224783298
233741154,233534555
229021679,228898397
240142288,239830295
213321480,213149234
224635706,224477665
223453856,223328288
221444736,221233893
233001869,232828368
236451167,236314693
226141478,225906874
239079848,238872853
240526431,240344848
236827687,236630274
228719578,228410848
212705388,212497467
232453728,232259015
230603526,230445382
236747665,236598660
225352877,225241688
238632223,238486121
227599762,227482765
235346250,235120406
248941159,248795154
214352577,214059894
217404834,217239472
230516747,230426260
234542235,234385847
228142271,228058722
230000526,229874350
244853710,244538064
246884174,246638668
257904819,257657714
259322717,259002630
217124111,216837447
224985801,224871923
223812699,223668050
236906361,236807239
223747654,223607775
231350381,231220343
240539983,237339775
249250979,249169440
237741932,237586952
247222618,246974141
214689408,214446355
235605520,235485330
220639308,220451154
223605790,223490900
225838070,225659838
238566249,238433774
243505759,243289351
241636578,241548919
243575505,243389887
251494049,251172485
218697653,218450707
219924824,219816244
220784261,220700187
229236615,229122862
220561165,220462769
224120982,223964746
226190360,226039044
237611950,237491365
226836723,226662535
243797592,243681074
207117482,206823209
222003323,221899532
225284515,225123778
226307930,226205850
231748531,231620973
233498476,233325359
242471956,242354668
233889477,233645437
236969753,236784505
247336406,247238662
213213468,212878599
216457145,216337050
209625233,209533665
227073032,226988440
234380311,234294359
225691089,225543081
233007186,232784681
234010891,233841904
236775452,236553833
232824359,232608558
214689202,214466444
219015293,218925321
230600588,230387932
236564914,236435132
231275734,231146497
248293214,248191781
216703950,216624209
218462675,218307894
242948794,242807413
220077607,219915702
184365488,184128524
207864711,207717242
216920566,216827961
220718674,220516032
231139207,231053745
229645001,229412786
235399691,235247134
226970859,226853312
237173476,236906220
238851776,238679415
198428929,198115126
220017776,219910104
209548374,209454131
222327222,222169401
217922505,217784522
227798498,227704646
235934776,235783522
234933138,234764445
231669184,231530676
231217428,231097772
203945220,203659102
212546859,212325384
227116248,226887275
237238817,237090468
237524334,237433545
243954251,243794791
239049807,238971560
234736722,234592380
234849440,234736097
243476956,243287478
215812189,215539093
263419762,263213820
266848650,266658018
272858867,272656094
262169434,262025888
270947232,270830565
272372968,272248743
284904710,284802891
274667090,274465726
279804004,279678653
201127249,200973527
225913750,225700461
238987160,238798854
240208829,240043818
241717165,241617514
238091518,238008204
235453287,235293005
236834079,236690780
252132234,252008699
249223640,248922649
234012867,233710555
224888471,224608724
231427444,231274804
231522174,231329389
241734191,241608953
245857148,245711379
244220419,244082810
241773022,241653692
239642440,239517656
240134440,239800090
234766697,234520183
222805872,222620580
231294085,231153785
235015159,234895247
226081214,225954730
234852781,234536242
241059541,240762924
245754585,245666833
241540549,241274933
239021500,238742331
209744363,209581199
206024785,205934234
215812142,215665615
217363785,217282795
225506884,225336672
240616583,240441205
239084101,238942372
246408348,246308991
245301529,245178283
245018083,244784903
214704897,214466817
207407801,207318028
210044318,209899539
224815903,224671824
217799243,217670070
220317765,220230806
234358928,234240036
244316682,244142396
240028763,239805750
249349006,249251690
212768922,212423292
214847240,214757728
236962241,236793068
234270463,234091044
236421065,236332688
226848353,226764540
232152497,231988373
232548812,232432874
233494363,233296702
253267951,252879923
218916965,218654826
227514071,227331776
236613091,236463966
231810944,231683839
248620792,248404442
231705254,231475185
232735553,232615224
238396314,238304517
239029944,238911594
243178683,243093944
204608898,204391099
214559741,214459001
224352661,224243548
222778165,222503903
230366204,230245154
226828761,226749634
234248831,234127997
237091648,236968586
230515436,230399035
242979856,242776788
181671362,181395088
213467395,213244492
220499136,220297063
216089491,215994746
227415609,227275194
222947719,222828157
228241369,228160944
231783389,231529413
235439000,235218580
232460425,232156901
218055104,217687189
238980510,238866069
236987016,236869577
233039074,232918794
234545834,234414935
231600922,231427216
243333085,243209755
232836048,232665961
241763613,241573424
244363175,244085248
222443345,222284236
221597730,221420424
228267999,228094406
230108685,230030585
226070339,225962421
231829511,231699341
231826003,231687223
229677008,229491026
245946720,245696776
247273417,247112940
215761888,215399134
219462487,219317264
229659291,229574506
222464169,222378381
235381797,235298574
238619035,238461670
226497589,226416869
238846935,238724260
232318878,232205278
232392336,232250373
218072616,217858189
228066307,227969223
225011329,224925859
243930620,243705372
240208956,240130759
246214804,246050923
255418071,255254695
255803774,255681058
251606534,251466809
252396424,252271913
175731142,175503824
214639053,214494344
209499719,209348303
221741282,221644742
224352199,224273299
216648425,216567032
227651662,227510909
219772839,219638959
220955621,220835764
232769036,232653863
206078556,205852705
225911971,225767011
224093205,223930497
230015633,229891075
226456170,226337214
230370418,230279315
233077844,232926476
242750531,242651357
243931648,243662227
251769336,251666808
203864363,203635109
205171339,205055883
220502475,220327176
228653887,228511246
218972873,218891505
235667944,235569255
219573001,219487640
223330887,223244453
236012820,235925317
240831829,240743537
200122272,199836779
214822251,214723492
225410079,225267741
217587234,217473539
236318299,236183852
235009632,234889497
240444407,240307500
240872208,240752973
237670383,237445479
249709720,249367942
205799273,205544141
216095530,215904135
213656619,213511272
228040294,227958943
224486946,224400951
225970458,225832113
228390527,228306249
236568856,236409220
231670852,231506067
243800384,243702883
211648311,211498833
225140717,225056818
223886935,223709142
218133597,218048675
220659954,220538008
231160050,231006129
247604197,247432801
231070221,230916011
235719791,235635758
243383493,243035665
216082268,215843600
218463779,218364691
236056681,235954383
227783645,227612113
225488272,225400751
227765309,227643007
233271273,233114149
240052801,239875650
235780776,235658229
241152631,241067415
214379142,214216047
232243474,232110085
231455914,231305388
224918067,224769141
234405694,234330768
237050108,236870095
246080776,245956180
251656259,251536601
251367905,251014063
259596263,259465805
220137078,219970105
224563565,224357635
217697477,217549105
238155430,238007337
226521219,226436027
235146855,235010263
224289769,224151470
230162528,229988435
240558395,240458286
243938144,243601054
212330193,212049430
227846701,227682817
220020712,219914504
230356677,230155582
231649175,231433953
240767076,240678734
240295830,239868052
247213853,247014718
248904584,248761989
248681432,247616961
220604907,220204777
222053526,221949924
224182550,224040393
232352450,232135351
228299884,228218743
243020176,242859210
225466850,225313074
226925686,226772930
228638875,228490073
244191998,244041917
221725710,221421976
223531881,223374636
211877021,211777966
237089803,236887370
236941583,236798513
231630724,231475559
244683647,244588677
250224776,250111966
242865747,242698417
251145581,250821071
266009644,265723461
274577967,274449387
280378460,280170622
272102830,271930703
296855258,296753255
286779458,286644664
298652282,298533507
307315144,307206116
289142588,289063312
306638000,306312154
194411977,194178325
223957025,223834926
217132460,217000613
225922573,225786649
223449984,223339416
220834259,220756079
226242412,226110959
222731488,222564374
233466575,233333456
247321609,247043480
261111946,260822814
257377210,256625963
258470576,258341621
267429433,267352303
260667907,260593036
261266016,261156042
272825533,272673091
266322749,266177082
266579026,266238311
267111649,266999646
223994900,223779723
231284784,231110171
239787084,239667254
227134702,227014534
245005820,244910059
237523269,237320463
246080264,245926564
246745304,246587682
259288922,259125682
263432701,263262488
218208289,217932646
222672852,222568474
224186380,224058133
229333055,229248702
231730041,231606361
228704014,228587296
236136419,236056061
241969145,241782324
242291087,242142242
240364789,240140084
199654256,198979749
225236388,225101684
216618730,216531816
224856315,224707344
232738813,232616477
224980013,224864385
235781602,235700159
223727210,223563852
234502842,234425964
238950667,238826316
229640922,229295990
221466444,221381848
236619900,236533794
239525802,239447483
231542501,231391414
236613554,236494587
248279333,248123467
240462913,240341469
256390839,256260086
253744384,253629761
226971629,226658622
245231653,245087138
249581008,249497497
252359310,252208138
241844612,241713178
269524385,269426250
253250469,253160015
261634666,261543874
247718099,247585360
252587313,249388658
212453330,212206227
207640190,207402981
210815268,210732799
222670911,222589987
233942779,233813708
219959315,219844647
228950911,228713363
235469237,235326666
234702740,234560810
236445263,236281491
150469997,150239509
195642532,195421122
208573043,208478202
211880526,211682710
221361373,221284320
224710419,224596987
226812654,226737656
228683645,228604003
233085174,232948920
226791140,226469943
199094155,198865159
218067343,217848201
225564633,225382692
230081634,229952839
241825521,241626172
233962831,233758435
237981099,237796361
250704269,250562031
247547170,247192402
243697270,243431635
214933078,214722814
221554054,221394992
227152415,227006133
236400756,236244157
230096098,229970325
230797751,230629255
235468491,235377918
235337952,235256106
243447757,243269544
244501183,244389199
210224368,209928307
217707591,217568629
225791113,225657088
229293307,229172356
240687940,240537733
233938917,233756380
230807801,230657221
232118407,231982467
248122979,247817157
250205805,250076454
207634566,207393900
204242903,204032052
220954932,220818120
223559782,223438221
225910745,225820608
231870383,231769824
225550334,225422041
235472125,235248703
236823878,236654686
236867248,236722027
200259292,199932060
216481592,216389796
227750860,227577146
235482402,235360306
239667927,239588305
243813703,243664904
243586810,243508166
244524142,244410026
241611562,241512038
248812016,248616966
227090607,226945758
233627261,233415435
237412889,237243166
228099182,227918266
228569250,228453340
231140918,231001115
247125983,246974131
242680848,242549430
244031591,243784210
253733118,253640736
234882387,234720577
229154409,228983971
232146100,232067081
231961549,231880702
236346932,236220092
236086254,236002639
235773356,235539366
239182688,239030580
242587511,242286680
243625457,243390676
202470236,202327538
219178971,218988940
222203749,222086223
220589650,220455499
230102860,230011964
228329742,228249745
229018548,228880097
239599995,239462195
233562829,233389202
242521730,242400754
211237061,210951617
221657356,221529344
231547064,231397845
222094667,221972039
234494636,234375841
229415635,229301523
240158517,239901084
247665374,247532585
234278475,234159955
252180576,252092933
207499289,207273356
217960464,217854368
222208408,222076217
225929403,225780288
228287154,228155208
236030348,235945159
229242768,229118686
244681536,244592234
250584870,250380070
251504012,251362249
180495933,180253058
220977902,220689027
226011108,225812946
224619599,224527948
226376959,226210682
231588542,231471120
231864089,231744750
232557748,232423013
234303457,234139664
231679712,231534201
221442417,221203332
230169099,230086486
215741544,215487219
229286367,229150303
236696526,236569805
229730137,229561692
249790510,249630079
231347685,231230876
243134240,242846259
241119744,240794104
214612326,214471045
209780556,209673396
214094070,213926174
228236599,228029098
230439701,230261861
243743197,243589758
230359020,230240741
239461678,239350606
245793087,245650247
249104467,249012691
215109548,214896484
225836640,225640516
218830364,218647232
219391809,219178025
220383938,220285010
249884746,249594511
231688932,231428985
235487584,235159918
260666358,260533773
230481233,230186431
158598590,158352971
188406146,188255754
206055134,205851586
196577636,196433877
199066156,198920737
176592338,176478971
179111370,179035820
203737408,203556550
177861415,177743177
179386283,179307680
196607671,196389070
214375044,214164421
224757853,224554315
223687177,223549936
232060115,231940107
233641199,233516409
234235978,233958418
247805108,247536162
248094863,247973385
249458804,249314275
215256657,215053183
216933066,216732838
218902110,218814887
235074899,234935487
225548330,225428807
231461604,231352027
238590535,238459840
231575336,231420320
234882143,234768412
241969559,241857143
202444742,202231917
228450708,228303703
244897222,244694753
244515198,244355853
263654133,263436994
263223792,263145800
276838291,276626958
271652413,271448268
293045672,292892138
289729984,289194067
118123283,117892372
154530215,154380877
162638679,162381633
149180817,148977087
193348731,193070874
216555027,216349957
226599577,226443639
216342844,216219194
217384296,217306914
235562174,235413249
235776137,235639697
227079945,226767759
233778086,233632163
230220275,229919883
210203515,209867149
219751319,219630148
229936547,229777842
226109926,225986958
226843332,226722462
233122983,232976705
232536317,232215321
234555662,234293122
236217973,236052600
249795704,249495712
203699217,203473887
217618566,217481214
221683463,221606329
219885782,219808402
234554211,234474601
232464306,232314399
234373960,234246716
236311363,236198527
245580977,245448234
240883843,240768741
204983339,204722587
215770726,215536000
218652275,218483463
232570218,232434201
241795953,241645158
239150172,239005523
237216522,237039294
237482776,237345630
244096161,243778079
252984170,252652957
210977758,210831726
224471267,224304200
221019677,220900735
229212464,229043135
223931116,223853275
235168523,235040463
231753091,231659835
233256833,233131900
242109070,241950708
237127699,237046675
207741813,207506844
216292894,216126169
224540321,224400681
236088816,235920228
230358535,230220324
221170612,221090887
232615543,232526861
237780002,237696954
229008529,228892274
223854623,223778202
231350664,231091287
230965504,230756595
236049756,235966394
239746121,239610319
244829004,241714319
247243379,247098448
248741896,248572629
248797487,248720590
247262242,247042787
250717847,250598450
211904657,211691300
222470138,222329165
227699936,227535478
226476749,226359289
229808762,229659566
226121661,226040026
236387586,236253275
238670103,238531600
248224814,248116819
237251753,237137070
212211722,212054121
223647248,223467390
222231115,222146236
225980113,225835754
228559781,228431469
237520623,237363745
230226786,230133569
240446282,240286858
246720399,246593090
247617157,247506352
205237532,204905222
216836982,216624762
233563286,233380017
232268097,232037468
232800824,232633663
238757028,238642096
239548704,239456330
225721720,225631367
235766338,235612743
244041449,243712151
207630676,207301723
211516753,211398344
214446890,214358509
219022157,218911997
234291509,234142836
233991352,233910656
240722942,240620990
236968756,236801350
229806767,229706519
244804844,244700033
214867104,214586218
223915674,223774949
231203932,231067811
220840939,220707391
226409201,226243591
234220954,234094100
230359607,230242830
231742916,231621413
225367788,225252910
233831003,233631046
214963763,214751340
215602395,215519279
221083735,220905273
225207684,225114726
230719240,230574908
231241040,231103230
234542650,234375078
235195844,234963250
240747446,240550280
241840416,241663098
195332514,195049290
207627633,207544095
214796523,214646030
233362082,233214429
229642659,229544141
232190321,232087411
240283045,240137647
241492586,241407597
246998124,246836896
234472099,234299224
203098156,202913158
208513540,208427618
224002302,223791769
226300683,226177073
219069226,218950415
226014593,225881128
222627528,222555716
224348858,224227155
230272619,230139395
239074357,238705602
228917298,228726406
222793761,222711221
226396614,226312447
227315492,227237557
223415056,223264871
230720102,230603614
243227754,243135630
235284478,235069469
236477670,236324591
239202234,238903744
206957134,206681732
230700100,230564246
237423705,237299156
228590318,228452542
235769272,235637509
241089455,240966814
237329500,237245811
239453841,239267704
234173658,233937273
232164643,232082706
197235097,197008690
207366535,207241097
202950032,202835620
215918824,215832370
207403960,207289000
211160476,211004022
236345864,236225837
243538478,243327232
244373227,244249773
219279058,219119304
219486803,219277964
223453902,223175766
219533254,219450018
230758941,230643983
244896286,244765564
226681830,226599658
232087784,231990261
237971056,237848491
243366578,243217258
244694743,244564079
203822396,203589696
224796521,224715370
214193656,214101350
226053974,225935552
226144937,226031459
224972875,224851977
242583316,242491349
235802777,235636990
233465180,233337024
237599439,237337479
214107897,213794688
204622680,204533399
227007370,226927442
225536645,225417879
227091773,226997422
230481464,230360505
227414668,227335490
234456682,234284203
231159414,231005426
227541131,227420307
215174133,214979446
221796132,221626182
216835312,216702111
219224968,219089737
220776190,220650705
229679167,229595661
233632389,233515683
230155196,230032657
234262132,234008087
231461786,231356168
222047559,221850082
224805605,224592812
221728398,221603928
236755651,236596526
233838814,233728304
246330554,246041622
230468885,230351167
231705257,231567998
241229264,241106996
248129248,247895081
209198726,208990312
226167610,225870100
239348122,239228247
237987125,237830684
240093759,239912882
232382772,232218129
235451840,235278758
234464409,234279234
240726697,240544398
251559843,251465316
203087507,202833368
228101761,227969315
227335282,227122675
230137590,230044931
231725630,231544184
232477369,232400241
232929425,232853736
235396947,235228132
235291596,234982846
248441019,246233362
219064225,218777242
223524871,223394518
229689344,229560263
233895497,233785411
246274609,246184926
238203726,238074478
239854453,239723559
250498027,250417469
268294610,268110129
265702858,265364000
218882442,218665451
218603906,218459172
225867568,225737089
233290412,233186245
233650437,233502653
231311185,231190700
239573369,239495107
236470843,236357240
248563359,248426208
249731807,249407334
204516652,204283347
223504976,223361293
222729388,222648109
224792653,224605656
236653188,236576613
227285339,227086397
241356860,241162821
242552828,242406792
237745962,237633770
239244272,239008622
219624508,219468142
209445427,209362856
225597254,225516773
228968617,228778201
224529305,224450386
237765739,237589303
237952918,237874457
228592193,228446625
244954014,244714258
246654728,246329369
210362618,210031620
223608364,223394604
224576565,224497524
229056106,228905559
232440376,232305161
239329643,239197047
226575510,226500398
231710017,231562648
227230126,227102499
229086165,228807643
213921733,213728842
222043783,221837944
229279832,229140881
227612449,227471833
237996409,237870429
235088568,234956082
231388129,231306028
227654362,227556584
244626744,244523052
245843689,245725117
211322286,211149814
213500957,213409366
220951182,220870629
218045668,217920504
224230120,224051599
222059274,221922314
226776470,226683357
236281900,236131856
245375218,245239098
233392490,233226811
213842573,213525685
224487378,224324909
226392844,226272532
227727801,227646088
244341707,244164645
241158313,241036003
229153760,229073809
240246563,240040208
239898621,239524977
254030167,253832694
207962871,207820584
216265403,216131481
218007893,217800744
234289533,234127206
234050005,233953984
235126735,235013210
237861915,237680693
238702320,238551569
246178063,246019685
247976028,247797291
192357813,192063033
208847969,208728188
221520922,221327854
225113343,225030756
232116417,231967503
237760466,237679154
223367254,223232367
224779375,224699452
245135179,244941167
232146257,231855740
188944639,188731741
223362980,223084204
220068269,219930091
226101388,225966593
222651508,222567343
232175742,231874716
232534547,232425660
224461166,224380859
226329449,226241277
235776122,235632458
219211900,218912228
232934454,232770037
239440268,239288982
231986948,231831685
240281552,240152071
240314788,240204409
250715215,250592394
245951724,245799047
237175847,237050791
248360831,248061062
223507688,223262077
220029698,219833685
228353745,228182264
230119338,230007436
222085318,221951944
238487403,238377437
233203303,233088449
239693117,239425509
232867296,232557583
243465989,243305262
219814552,219547930
227215615,227036653
233368940,233288005
234457957,234318317
226376906,226260481
233094321,232969755
240803962,240643557
238217354,238076466
249291062,249151153
251352023,251270003
217681357,217453215
223255543,223061318
238407694,238196460
238212505,238013617
235813370,235695961
228280091,228157085
229767620,229608433
240017357,239925456
249930568,249592997
246798555,246478932
207883142,207647153
214392891,214210067
221096025,220971032
218875518,218662083
216350459,216227134
233405544,233321349
247328442,247205084
244283520,244107658
251019636,250778155
248056093,247973236
201214536,201067065
223580642,223478939
218608388,218448276
224903956,224808871
224295637,224218667
228986146,228822102
226150827,225992609
238475507,238399299
243383170,243262542
244686250,244560481
194356014,194055111
220661601,220526794
216770906,216644929
230520277,230312921
238913447,238786527
242102246,241963447
236435095,236281048
249186429,249103240
253265322,253099995
237974825,237690365
209822990,209663917
222846398,222645119
224581887,224437842
238799524,238695438
236323905,236199009
245755653,245573886
244594540,244396485
248368041,248243117
241004335,240889342
246020743,245904456
219948789,219561074
222595506,222476319
226352927,226273364
231441944,231324637
235644429,235559077
237102501,236966677
238878587,238701324
237511960,237399091
248865940,248742697
249739083,249625448
213276313,213067499
222475044,221860821
220692477,220555763
226822188,226660502
238172736,238002185
228042407,227963526
228378740,228303668
244319505,244083164
237025722,236888721
238670386,238458878
211599554,211218006
225201091,225102320
223639327,223477913
227522948,227402163
228948998,228824874
235414480,235328166
234583809,234492211
234858996,234707736
243495192,243205442
244008977,243852239
214552644,214275338
216444182,216365805
223934646,223811662
241329782,241197287
238035318,237902598
229176039,229023945
229002685,228929444
240574802,240432242
241413930,241267524
249036130,248915147
217591049,217359870
234024674,233812541
221378365,221240797
228627752,228544550
230358253,230228774
226616656,226443259
242190009,239925125
237456264,237341032
242954769,242799901
243335708,243046909
219781963,219634411
231564430,231398474
225688415,225472991
241650239,241519743
243323054,243245413
239905351,239744696
240821880,240685806
234599864,234460454
245666319,245361031
252726668,252600575
217708182,217482513
216216373,216037109
238491231,238327343
229849979,229733910
230992251,230903617
233848575,233727570
239851320,239737368
237717653,237501220
248348861,248249953
245681152,245604160
213497273,213246736
226580875,226441802
218668535,218542679
230569124,230465447
232562906,232479226
215795037,215581471
235993347,235919053
229949360,229814953
222156300,222046879
252713497,252382183
216192824,215906144
223495561,223363701
229490668,229381486
229633715,229510550
231598779,231474724
242094010,241966435
246274399,246172498
238511190,238392901
247120944,246954053
244369190,244039421
208044900,207802757
206254392,206145989
237063769,236925024
225773049,225688967
231527832,231439495
233899786,233798016
224580511,224431609
227780647,227576768
230703112,230525134
236870335,236666320
229723705,229492111
208038420,207865338
222675982,222602307
227373265,227240953
224373755,224228540
237579125,237396474
217978674,217901960
232492597,232415714
229082768,228987473
235319301,235154890
199007682,198714178
233531619,233321786
227437189,227320666
244402521,244241299
241758954,241613061
249152608,249022434
249205715,249092034
250121363,250009667
256066540,255879127
247853111,247506979
218889294,218753938
242246891,242036109
252875702,252781006
239034908,238956296
253656608,253570951
243165144,243087472
254584461,254433109
260871807,260791123
251979958,251656629
262551440,262359907
208133452,207808906
221052001,220869724
237336496,237197323
229082893,228929679
237062938,236879099
240082588,239955849
247566454,247391734
252887262,252751958
249410606,249158254
245075989,244791283
223173295,222938112
219159885,219073302
229642010,229551131
230538416,230458604
227304962,227188764
223564927,223440606
234387630,234228035
241009128,240894271
230385097,230248791
248427565,248156163
207269743,206985976
204181698,204094814
233204024,232990367
229551784,229475279
227257184,227128636
239224736,239025181
229054236,228945178
229114658,229040145
240920768,240690739
253933200,253768870
228961835,228695868
218771781,218587387
235331985,235170680
229178627,229083470
251006638,250895940
257622206,257517316
248155954,248020729
253925970,253754164
258820375,258684644
257785238,257664605
235277831,235087885
250289491,250092041
253132742,252965690
246200113,246109373
254868540,254753474
261914413,261810838
265350616,265263514
264863764,264730406
275701194,275554102
265836367,265543751
204273727,203941051
209269241,209133946
217679405,217525649
211452140,211337440
222791657,222707844
224942852,224828394
230223717,230113544
241296149,240965639
236443369,236187270
237699852,237424058
212612050,212464522
227066339,226977689
218672476,218530123
223448585,223327503
231193662,231065219
241257526,241119791
228516187,228432769
229130133,229055594
230279925,230109052
245122956,244799405
199335738,199031408
214366898,214231469
224876039,224765537
236225565,236053832
233362291,233235897
218984944,218878921
221071059,220910148
228801989,228700877
235028959,234887613
235987953,235802817
273216710,272926147
265144257,265051059
267417982,267338759
273695237,273547373
261022187,260857959
266621622,266250956
283306853,283151486
273299134,273126239
281921961,281812066
287000273,286703624
221138178,220906694
216889100,216713641
217022800,216832630
236868823,236671345
235231110,235077313
237114751,236961179
230535193,230421916
245489201,245370278
241000795,240885737
233422532,233245990
228941756,228704067
242678473,242476078
241944033,241797453
248082259,248002511
249115768,248951829
244531597,244378908
249093618,249016001
253423204,253260953
257513653,257317612
260250160,260135387
229480872,229206879
232413079,232282484
231320293,231238462
234548124,234438374
250125359,250031885
231195156,231119149
238231475,238105606
246243169,246103308
234106841,233997105
250212239,250078373
205482757,205295239
225561672,225395984
218899885,218733451
227673579,227541560
241707358,241497576
225583350,225507753
230089891,230015062
236868424,236757368
232869932,232741645
233658324,233494720
213321038,213066901
213552057,213460652
230051610,229797433
225043881,224876023
234001015,233912185
235124745,235006653
235235073,235154813
234898520,234689189
235887443,235760395
240031321,239886010
211255212,211107392
215142232,215033258
225110866,225023158
221386605,221314339
233092369,232961453
229096472,229024102
230959460,230849769
221353391,221197375
237652548,237543360
223252778,223012419
211880417,211747059
208338677,208247517
223196879,223023899
235394102,235247825
223938634,223853573
229390185,229318623
230822248,230747036
233392006,233277439
231035560,230912113
239656756,239539981
188050305,187756699
223814055,223679973
223217578,223125507
229186949,229046663
222516525,222351378
232725586,232578287
235961822,235803067
231269033,231180192
236203124,236089668
230677657,230375744
212981197,212710243
220409129,220326112
214377779,214299397
229015252,228937187
224935719,224792106
226822451,226710042
235574846,235502036
231488853,231357624
237395002,237239912
243231067,243094109
224529175,224330882
229274832,229117232
223679552,223601350
220802962,220681954
221498705,221424867
227640797,227517213
238794038,238718252
248382184,248017598
239331914,239203866
244554157,244297031
203515622,203379916
213012260,212856614
215564284,215463845
235169516,233416649
226141180,226062647
228899682,228816266
225317619,225238320
233047357,232880557
228216441,228123685
236565164,234540537
202136886,202000611
207094914,206902573
213178687,213103399
219576411,219502935
233854610,233708201
221852663,221761528
228186352,228048878
225345917,225230618
232305044,232191067
232499812,232372514
209112680,208855348
227517284,227298727
228218227,228127906
223545809,223453020
230368891,230243761
238603906,238463073
239971277,239887384
241936105,241796417
232875076,232759569
245027181,244883512
220797789,220578066
211714617,211629937
221041412,220896064
232937670,232810938
229528289,229387006
222871033,222769994
233838489,233756601
231141874,231003650
241110545,240893057
249919219,249709474
228322570,228084677
239172213,239035257
232110290,231980952
238602835,238459780
234540580,234419507
234354670,234243837
243302447,243049340
247934681,247848749
249480312,249356454
241369415,241294953
213505753,213262723
213982755,213880324
215750088,215625557
226873182,226788043
229043843,228899786
235016740,234839708
248591716,248461337
240591442,240446662
252671205,252485094
239735972,239624792
205156523,204911437
210088147,209920998
220472036,220286316
229308018,229217503
227482121,227360290
242632364,242406302
237994850,237859379
246682656,246587072
246800105,246674954
248281768,248107094
181415305,181200341
200915610,200728832
205140532,205012640
208790779,208618465
220798876,220690019
228000518,227236584
229444962,229336431
227734605,227619697
233806490,233634744
230374692,230168083
227267274,227037062
219562592,219437186
214774228,214609414
233054088,232934954
228276128,227963556
225619456,225539099
222862625,222784147
228789133,228701104
229596818,229458147
233978353,233841550
211431692,211192156
219659685,219498288
226785240,226699449
235681095,235475475
225087227,224971803
227006787,226898295
230630000,230517321
241370537,241251101
242068247,241917741
244022989,243807712
208587418,208397340
213798481,213605582
225094801,224962479
222137886,222059897
237359774,237266072
232347851,232236184
234254796,234125713
231471276,231397642
242448113,242369855
236976728,236649534
215882794,215706871
223199125,222934019
236843458,236618820
241974517,241750127
252488212,252353991
243286510,243140231
245375370,245207339
240454266,240243593
242894628,242783276
257703082,257592969
219199873,219047632
215175450,214959056
226365093,226235266
233739391,233613850
235424119,235262806
244953873,244700667
239809355,239529473
232378615,232203627
244025393,243777320
248161947,248007523
205911634,205759304
207748822,207559485
219127246,218949358
229823784,229745342
237542710,237455091
227562980,227489672
234282813,234161996
234380361,234268965
226143287,225959644
230396711,230042129
212044986,211897420
219029448,218859541
225174275,225058822
227588473,227462949
234578104,234456339
236006523,235889141
237107919,236987295
239892382,239780260
240952448,240830234
244334440,244238922
208994496,206690093
221203262,221121391
230107389,230021443
220862115,220787888
231125866,230887986
232165712,232057477
223307773,222591563
238334710,238241422
227915467,227791757
248937144,248629074
209264935,209065963
219495725,219268802
234481240,234401474
235616655,235524059
232605662,232476760
230719752,230534809
233220627,233060991
239338531,239156669
247661917,247522243
244038135,243745096
201984855,201777680
239927605,239702355
262438717,262268449
264325671,264170253
272459102,272325988
270211696,270129849
274356929,274190448
269420844,269207607
281530476,281214787
285236110,285119117
215116683,214883528
222818025,222673346
237696696,233396795
234470842,234388036
241719745,241629904
240053125,239896739
241266697,241189463
241222170,241146976
242580891,242415773
244788398,244473780
191840235,191573246
219160302,218930906
228204038,228000004
218648237,218512331
218680326,218533057
232891801,232809664
242565639,242417556
235437511,235309486
233289990,233132871
234301301,234149606
227174362,226907917
232979015,232894427
233050147,232963335
226053528,225845507
232671358,232594211
246301040,246148859
251794848,251659206
250726447,250614771
248470195,248183652
249618944,249507469
210726804,210553668
231155015,230964128
226798107,226667842
222032492,221883873
225944305,225853564
222751502,222676233
227274209,227154871
240276615,240169635
239928386,239731783
244427673,244129428
224525321,223689831
225947991,225756930
222855753,222720320
233913609,233780173
240164823,240018436
241283878,241172535
234262466,234138707
248621157,248414214
245141864,245011677
242764339,242647659
239174274,238897828
230958835,230783721
244508030,244367692
239142795,239032718
245469396,245341945
247262466,247152834
247249468,247109557
250707254,250582402
255698069,255587248
256805798,256689018
224268899,224057987
240554154,240441324
226931496,226779025
238586734,238509466
240486184,240344846
238242519,238164163
233409071,233218194
240644689,240480231
250977328,250805550
241663745,241403644
201412050,201279081
209031646,208929110
218444187,218230482
219972952,219846187
222176392,222064948
229534441,229389484
241320289,240987436
241318485,241000521
248212414,248070092
251477946,251127927
222524630,222305440
221179043,221094722
235497437,235402605
227447266,227368084
218254452,218178427
236063220,235883030
233064233,232938330
222777476,222660677
239239321,239013066
233757359,233438592
338597138,338404900
358333480,358247423
351085508,350941936
363424091,363347993
364029741,363956027
375367774,375224940
356558804,356440855
372606114,372531908
357950831,357876792
371323150,371012825
211357013,211148283
230716415,230567878
259196424,258962358
250088302,249938859
260084332,259956793
250847303,250741816
271742659,271649899
262884965,262775062
268814255,268652574
263981370,263825087
173164167,172865621
218066582,217900039
221708009,221450857
219717516,219588619
225304899,225184247
222790681,222709794
228658128,228535174
225925725,225851685
231406360,231263154
227625917,227395309
150520969,150311745
158175738,157990406
161542811,161337520
168502813,168389897
170443945,170231692
175105778,174893723
179969207,179625400
